id,hotel_name,n_comment,rank_in_country,url,excellent,good,average,poor,terrible
1,b'YOTEL Singapore',2182,b'#1 Best Value of 349 hotels in Singapore',https://www.tripadvisor.com.sg/Hotel_Review-g294265-d12559807-Reviews-YOTEL_Singapore-Singapore.html,1059,823,203,61,37
2,b'Park Avenue Rochester Hotel',719,b'#2 Best Value of 349 hotels in Singapore',https://www.tripadvisor.com.sg/Hotel_Review-g294265-d2435463-Reviews-Park_Avenue_Rochester_Hotel-Singapore.html,284,279,107,29,20
3,b'Crowne Plaza Changi Airport',5776,b'#3 Best Value of 349 hotels in Singapore',https://www.tripadvisor.com.sg/Hotel_Review-g294265-d1086295-Reviews-Crowne_Plaza_Changi_Airport-Singapore.html,3159,1990,398,126,104
4,b'Village Hotel Changi by Far East Hospitality',4987,b'#4 Best Value of 349 hotels in Singapore',https://www.tripadvisor.com.sg/Hotel_Review-g294265-d2090222-Reviews-Village_Hotel_Changi_by_Far_East_Hospitality-Singapore.html,1813,2066,768,209,131
5,b'Park Avenue Changi Hotel',644,b'#5 Best Value of 349 hotels in Singapore',https://www.tripadvisor.com.sg/Hotel_Review-g294265-d4328402-Reviews-Park_Avenue_Changi_Hotel-Singapore.html,249,243,108,30,14
6,b'Marina Bay Sands',27368,b'#6 Best Value of 349 hotels in Singapore',https://www.tripadvisor.com.sg/Hotel_Review-g294265-d1770798-Reviews-Marina_Bay_Sands-Singapore.html,15088,7369,2982,1038,892
7,b'M Social Singapore',935,b'#7 Best Value of 349 hotels in Singapore',https://www.tripadvisor.com.sg/Hotel_Review-g294265-d10048396-Reviews-M_Social_Singapore-Singapore.html,472,294,98,40,31
8,b'Grand Copthorne Waterfront Hotel',4045,b'#8 Best Value of 349 hotels in Singapore',https://www.tripadvisor.com.sg/Hotel_Review-g294265-d301679-Reviews-Grand_Copthorne_Waterfront_Hotel-Singapore.html,1970,1233,542,183,117
9,b'One Farrer Hotel',1862,b'#9 Best Value of 349 hotels in Singapore',https://www.tripadvisor.com.sg/Hotel_Review-g294265-d6530192-Reviews-One_Farrer_Hotel-Singapore.html,1302,423,79,30,29
10,b'Village Hotel Katong by Far East Hospitality',2992,b'#10 Best Value of 349 hotels in Singapore',https://www.tripadvisor.com.sg/Hotel_Review-g294265-d2526267-Reviews-Village_Hotel_Katong_by_Far_East_Hospitality-Singapore.html,1767,961,210,31,23
11,b'Sandpiper Hotel Singapore',515,b'#11 Best Value of 349 hotels in Singapore',https://www.tripadvisor.com.sg/Hotel_Review-g294265-d5438552-Reviews-Sandpiper_Hotel_Singapore-Singapore.html,269,93,62,32,59
12,b'Holiday Inn Express Singapore Clarke Quay',2628,b'#12 Best Value of 349 hotels in Singapore',https://www.tripadvisor.com.sg/Hotel_Review-g294265-d4885970-Reviews-Holiday_Inn_Express_Singapore_Clarke_Quay-Singapore.html,1077,1212,260,45,34
13,b'Hotel G Singapore',2999,b'#13 Best Value of 349 hotels in Singapore',https://www.tripadvisor.com.sg/Hotel_Review-g294265-d4329102-Reviews-Hotel_G_Singapore-Singapore.html,1142,1286,382,117,72
14,b'Royal Plaza on Scotts',4931,b'#14 Best Value of 349 hotels in Singapore',https://www.tripadvisor.com.sg/Hotel_Review-g294265-d304611-Reviews-Royal_Plaza_on_Scotts-Singapore.html,2357,1884,490,114,86
15,b'Grand Park City Hall',3640,b'#15 Best Value of 349 hotels in Singapore',https://www.tripadvisor.com.sg/Hotel_Review-g294265-d306176-Reviews-Grand_Park_City_Hall-Singapore.html,1969,1027,423,132,89
16,b'ibis Singapore on Bencoolen Hotel',7120,b'#16 Best Value of 349 hotels in Singapore',https://www.tripadvisor.com.sg/Hotel_Review-g294265-d1229624-Reviews-Ibis_Singapore_on_Bencoolen_Hotel-Singapore.html,2138,3840,980,111,51
17,b'Hotel Jen Orchardgateway Singapore by Shangri-La',2632,b'#17 Best Value of 349 hotels in Singapore',https://www.tripadvisor.com.sg/Hotel_Review-g294265-d7056556-Reviews-Hotel_Jen_Orchardgateway_Singapore_by_Shangri_La-Singapore.html,1326,964,211,83,48
18,b'Capri by Fraser Changi City',1694,b'#18 Best Value of 349 hotels in Singapore',https://www.tripadvisor.com.sg/Hotel_Review-g294265-d3291174-Reviews-Capri_by_Fraser_Changi_City-Singapore.html,884,592,133,44,41
19,b'Park Hotel Clarke Quay',5959,b'#19 Best Value of 349 hotels in Singapore',https://www.tripadvisor.com.sg/Hotel_Review-g294265-d1239596-Reviews-Park_Hotel_Clarke_Quay-Singapore.html,2575,2389,725,178,92
20,b'30 Bencoolen',349,b'#20 Best Value of 349 hotels in Singapore',https://www.tripadvisor.com.sg/Hotel_Review-g294265-d305428-Reviews-30_Bencoolen-Singapore.html,213,105,20,7,4
21,b'The Fullerton Hotel Singapore',4755,b'#21 Best Value of 349 hotels in Singapore',https://www.tripadvisor.com.sg/Hotel_Review-g294265-d306173-Reviews-The_Fullerton_Hotel_Singapore-Singapore.html,3146,1081,341,104,83
22,b'Marina Mandarin Singapore',7278,b'#22 Best Value of 349 hotels in Singapore',https://www.tripadvisor.com.sg/Hotel_Review-g294265-d300855-Reviews-Marina_Mandarin_Singapore-Singapore.html,3567,2397,867,289,159
23,b'Rendezvous Hotel Singapore by Far East Hospitality',4078,b'#23 Best Value of 349 hotels in Singapore',https://www.tripadvisor.com.sg/Hotel_Review-g294265-d299606-Reviews-Rendezvous_Hotel_Singapore_by_Far_East_Hospitality-Singapore.html,1819,1680,420,114,45
24,b'Mandarin Orchard Singapore',11197,b'#24 Best Value of 349 hotels in Singapore',https://www.tripadvisor.com.sg/Hotel_Review-g294265-d300850-Reviews-Mandarin_Orchard_Singapore-Singapore.html,4060,4464,1733,599,341
25,b'Orchard Hotel Singapore',4378,b'#25 Best Value of 349 hotels in Singapore',https://www.tripadvisor.com.sg/Hotel_Review-g294265-d305520-Reviews-Orchard_Hotel_Singapore-Singapore.html,1748,1654,684,176,116
26,b'Sofitel Singapore Sentosa Resort & Spa',2492,b'#26 Best Value of 349 hotels in Singapore',https://www.tripadvisor.com.sg/Hotel_Review-g294264-d302969-Reviews-Sofitel_Singapore_Sentosa_Resort_Spa-Sentosa_Island.html,1575,547,191,97,82
27,b'PARKROYAL on Pickering',3975,b'#27 Best Value of 349 hotels in Singapore',https://www.tripadvisor.com.sg/Hotel_Review-g294265-d3523347-Reviews-PARKROYAL_on_Pickering-Singapore.html,2552,1028,259,81,56
28,b'Hotel Nostalgia',1379,b'#28 Best Value of 349 hotels in Singapore',https://www.tripadvisor.com.sg/Hotel_Review-g294265-d1546256-Reviews-Hotel_Nostalgia-Singapore.html,600,585,141,36,17
29,b'Village Hotel at Sentosa by Far East Hospitality',89,b'#29 Best Value of 349 hotels in Singapore',https://www.tripadvisor.com.sg/Hotel_Review-g294264-d15294579-Reviews-Village_Hotel_at_Sentosa_by_Far_East_Hospitality-Sentosa_Island.html,56,21,6,2,1
30,b'Resorts World Sentosa - Equarius Hotel',1490,b'#30 Best Value of 349 hotels in Singapore',https://www.tripadvisor.com.sg/Hotel_Review-g294264-d1447343-Reviews-Resorts_World_Sentosa_Equarius_Hotel-Sentosa_Island.html,826,403,165,49,47
31,b'YOTEL Singapore',2182,b'#1 Best Value of 349 hotels in Singapore',https://www.tripadvisor.com.sg/Hotel_Review-g294265-d12559807-Reviews-YOTEL_Singapore-Singapore.html,1059,823,203,61,37
32,b'Park Avenue Rochester Hotel',719,b'#2 Best Value of 349 hotels in Singapore',https://www.tripadvisor.com.sg/Hotel_Review-g294265-d2435463-Reviews-Park_Avenue_Rochester_Hotel-Singapore.html,284,279,107,29,20
33,b'Crowne Plaza Changi Airport',5776,b'#3 Best Value of 349 hotels in Singapore',https://www.tripadvisor.com.sg/Hotel_Review-g294265-d1086295-Reviews-Crowne_Plaza_Changi_Airport-Singapore.html,3159,1990,398,126,104
34,b'Village Hotel Changi by Far East Hospitality',4987,b'#4 Best Value of 349 hotels in Singapore',https://www.tripadvisor.com.sg/Hotel_Review-g294265-d2090222-Reviews-Village_Hotel_Changi_by_Far_East_Hospitality-Singapore.html,1813,2066,768,209,131
35,b'Park Avenue Changi Hotel',644,b'#5 Best Value of 349 hotels in Singapore',https://www.tripadvisor.com.sg/Hotel_Review-g294265-d4328402-Reviews-Park_Avenue_Changi_Hotel-Singapore.html,249,243,108,30,14
36,b'Marina Bay Sands',27368,b'#6 Best Value of 349 hotels in Singapore',https://www.tripadvisor.com.sg/Hotel_Review-g294265-d1770798-Reviews-Marina_Bay_Sands-Singapore.html,15088,7369,2982,1038,892
37,b'M Social Singapore',935,b'#7 Best Value of 349 hotels in Singapore',https://www.tripadvisor.com.sg/Hotel_Review-g294265-d10048396-Reviews-M_Social_Singapore-Singapore.html,472,294,98,40,31
38,b'Grand Copthorne Waterfront Hotel',4045,b'#8 Best Value of 349 hotels in Singapore',https://www.tripadvisor.com.sg/Hotel_Review-g294265-d301679-Reviews-Grand_Copthorne_Waterfront_Hotel-Singapore.html,1970,1233,542,183,117
39,b'One Farrer Hotel',1862,b'#9 Best Value of 349 hotels in Singapore',https://www.tripadvisor.com.sg/Hotel_Review-g294265-d6530192-Reviews-One_Farrer_Hotel-Singapore.html,1302,423,79,30,29
40,b'Village Hotel Katong by Far East Hospitality',2992,b'#10 Best Value of 349 hotels in Singapore',https://www.tripadvisor.com.sg/Hotel_Review-g294265-d2526267-Reviews-Village_Hotel_Katong_by_Far_East_Hospitality-Singapore.html,1767,961,210,31,23
41,b'Sandpiper Hotel Singapore',515,b'#11 Best Value of 349 hotels in Singapore',https://www.tripadvisor.com.sg/Hotel_Review-g294265-d5438552-Reviews-Sandpiper_Hotel_Singapore-Singapore.html,269,93,62,32,59
42,b'Holiday Inn Express Singapore Clarke Quay',2628,b'#12 Best Value of 349 hotels in Singapore',https://www.tripadvisor.com.sg/Hotel_Review-g294265-d4885970-Reviews-Holiday_Inn_Express_Singapore_Clarke_Quay-Singapore.html,1077,1212,260,45,34
43,b'Hotel G Singapore',2999,b'#13 Best Value of 349 hotels in Singapore',https://www.tripadvisor.com.sg/Hotel_Review-g294265-d4329102-Reviews-Hotel_G_Singapore-Singapore.html,1142,1286,382,117,72
44,b'Royal Plaza on Scotts',4931,b'#14 Best Value of 349 hotels in Singapore',https://www.tripadvisor.com.sg/Hotel_Review-g294265-d304611-Reviews-Royal_Plaza_on_Scotts-Singapore.html,2357,1884,490,114,86
45,b'Grand Park City Hall',3640,b'#15 Best Value of 349 hotels in Singapore',https://www.tripadvisor.com.sg/Hotel_Review-g294265-d306176-Reviews-Grand_Park_City_Hall-Singapore.html,1969,1027,423,132,89
46,b'ibis Singapore on Bencoolen Hotel',7120,b'#16 Best Value of 349 hotels in Singapore',https://www.tripadvisor.com.sg/Hotel_Review-g294265-d1229624-Reviews-Ibis_Singapore_on_Bencoolen_Hotel-Singapore.html,2138,3840,980,111,51
47,b'Hotel Jen Orchardgateway Singapore by Shangri-La',2632,b'#17 Best Value of 349 hotels in Singapore',https://www.tripadvisor.com.sg/Hotel_Review-g294265-d7056556-Reviews-Hotel_Jen_Orchardgateway_Singapore_by_Shangri_La-Singapore.html,1326,964,211,83,48
48,b'Capri by Fraser Changi City',1694,b'#18 Best Value of 349 hotels in Singapore',https://www.tripadvisor.com.sg/Hotel_Review-g294265-d3291174-Reviews-Capri_by_Fraser_Changi_City-Singapore.html,884,592,133,44,41
49,b'Park Hotel Clarke Quay',5959,b'#19 Best Value of 349 hotels in Singapore',https://www.tripadvisor.com.sg/Hotel_Review-g294265-d1239596-Reviews-Park_Hotel_Clarke_Quay-Singapore.html,2575,2389,725,178,92
50,b'30 Bencoolen',349,b'#20 Best Value of 349 hotels in Singapore',https://www.tripadvisor.com.sg/Hotel_Review-g294265-d305428-Reviews-30_Bencoolen-Singapore.html,213,105,20,7,4
51,b'The Fullerton Hotel Singapore',4755,b'#21 Best Value of 349 hotels in Singapore',https://www.tripadvisor.com.sg/Hotel_Review-g294265-d306173-Reviews-The_Fullerton_Hotel_Singapore-Singapore.html,2463,823,283,88,70
52,b'Marina Mandarin Singapore',7278,b'#22 Best Value of 349 hotels in Singapore',https://www.tripadvisor.com.sg/Hotel_Review-g294265-d300855-Reviews-Marina_Mandarin_Singapore-Singapore.html,3567,2397,867,289,159
53,b'Rendezvous Hotel Singapore by Far East Hospitality',4078,b'#23 Best Value of 349 hotels in Singapore',https://www.tripadvisor.com.sg/Hotel_Review-g294265-d299606-Reviews-Rendezvous_Hotel_Singapore_by_Far_East_Hospitality-Singapore.html,1819,1680,420,114,45
54,b'Mandarin Orchard Singapore',11197,b'#24 Best Value of 349 hotels in Singapore',https://www.tripadvisor.com.sg/Hotel_Review-g294265-d300850-Reviews-Mandarin_Orchard_Singapore-Singapore.html,4060,4464,1733,599,341
55,b'Orchard Hotel Singapore',4378,b'#25 Best Value of 349 hotels in Singapore',https://www.tripadvisor.com.sg/Hotel_Review-g294265-d305520-Reviews-Orchard_Hotel_Singapore-Singapore.html,1748,1654,684,176,116
56,b'Sofitel Singapore Sentosa Resort & Spa',2492,b'#26 Best Value of 349 hotels in Singapore',https://www.tripadvisor.com.sg/Hotel_Review-g294264-d302969-Reviews-Sofitel_Singapore_Sentosa_Resort_Spa-Sentosa_Island.html,1575,547,191,97,82
57,b'PARKROYAL on Pickering',3975,b'#27 Best Value of 349 hotels in Singapore',https://www.tripadvisor.com.sg/Hotel_Review-g294265-d3523347-Reviews-PARKROYAL_on_Pickering-Singapore.html,2552,1028,259,81,56
58,b'Hotel Nostalgia',1379,b'#28 Best Value of 349 hotels in Singapore',https://www.tripadvisor.com.sg/Hotel_Review-g294265-d1546256-Reviews-Hotel_Nostalgia-Singapore.html,600,585,141,36,17
59,b'Village Hotel at Sentosa by Far East Hospitality',89,b'#29 Best Value of 349 hotels in Singapore',https://www.tripadvisor.com.sg/Hotel_Review-g294264-d15294579-Reviews-Village_Hotel_at_Sentosa_by_Far_East_Hospitality-Sentosa_Island.html,59,21,6,2,1
60,b'Resorts World Sentosa - Equarius Hotel',1490,b'#30 Best Value of 349 hotels in Singapore',https://www.tripadvisor.com.sg/Hotel_Review-g294264-d1447343-Reviews-Resorts_World_Sentosa_Equarius_Hotel-Sentosa_Island.html,826,403,165,49,47
61,b'PARKROYAL on Beach Road',3198,b'#61 Best Value of 349 hotels in Singapore',https://www.tripadvisor.com.sg/Hotel_Review-g294265-d306192-Reviews-PARKROYAL_on_Beach_Road-Singapore.html,1329,1316,376,112,65
62,b'Swissotel Merchant Court Singapore',6266,b'#62 Best Value of 349 hotels in Singapore',https://www.tripadvisor.com.sg/Hotel_Review-g294265-d301577-Reviews-Swissotel_Merchant_Court_Singapore-Singapore.html,2968,2402,614,191,92
63,b'Quincy Hotel by Far East Hospitality',3515,b'#63 Best Value of 349 hotels in Singapore',https://www.tripadvisor.com.sg/Hotel_Review-g294265-d1235512-Reviews-Quincy_Hotel_by_Far_East_Hospitality-Singapore.html,2434,882,141,41,17
64,b'Aqueen Heritage Hotel Joo Chiat',203,b'#64 Best Value of 349 hotels in Singapore',https://www.tripadvisor.com.sg/Hotel_Review-g294265-d10113627-Reviews-Aqueen_Heritage_Hotel_Joo_Chiat-Singapore.html,124,67,6,4,2
65,b'Holiday Inn Singapore Atrium',2878,b'#65 Best Value of 349 hotels in Singapore',https://www.tripadvisor.com.sg/Hotel_Review-g294265-d305454-Reviews-Holiday_Inn_Singapore_Atrium-Singapore.html,796,1179,375,83,52
66,b'Carlton Hotel Singapore',4684,b'#66 Best Value of 349 hotels in Singapore',https://www.tripadvisor.com.sg/Hotel_Review-g294265-d306161-Reviews-Carlton_Hotel_Singapore-Singapore.html,1760,2027,604,187,106
67,b'Novotel Singapore On Stevens',465,b'#67 Best Value of 349 hotels in Singapore',https://www.tripadvisor.com.sg/Hotel_Review-g294265-d12825240-Reviews-Novotel_Singapore_On_Stevens-Singapore.html,285,137,28,12,3
68,"b'Four Points by Sheraton Singapore, Riverview'",1054,b'#68 Best Value of 349 hotels in Singapore',https://www.tripadvisor.com.sg/Hotel_Review-g294265-d306107-Reviews-Four_Points_by_Sheraton_Singapore_Riverview-Singapore.html,567,373,85,19,10
69,b'The Scarlet Singapore',1876,b'#69 Best Value of 349 hotels in Singapore',https://www.tripadvisor.com.sg/Hotel_Review-g294265-d503404-Reviews-The_Scarlet_Singapore-Singapore.html,792,740,216,73,55
70,b'Novotel Singapore Clarke Quay',7125,b'#70 Best Value of 349 hotels in Singapore',https://www.tripadvisor.com.sg/Hotel_Review-g294265-d301010-Reviews-Novotel_Singapore_Clarke_Quay-Singapore.html,2393,3201,1063,313,155
71,b'Hotel Indigo Singapore Katong',641,b'#71 Best Value of 349 hotels in Singapore',https://www.tripadvisor.com.sg/Hotel_Review-g294265-d8767815-Reviews-Hotel_Indigo_Singapore_Katong-Singapore.html,443,160,18,14,6
72,b'Conrad Centennial Singapore',5289,b'#72 Best Value of 349 hotels in Singapore',https://www.tripadvisor.com.sg/Hotel_Review-g294265-d306166-Reviews-Conrad_Centennial_Singapore-Singapore.html,3419,1401,330,89,50
73,"b'Oasia Hotel Downtown, Singapore by Far East Hospitality'",1946,b'#73 Best Value of 349 hotels in Singapore',https://www.tripadvisor.com.sg/Hotel_Review-g294265-d9872551-Reviews-Oasia_Hotel_Downtown_Singapore_by_Far_East_Hospitality-Singapore.html,1140,607,149,35,15
74,b'Hotel Mi',457,b'#74 Best Value of 349 hotels in Singapore',https://www.tripadvisor.com.sg/Hotel_Review-g294265-d12834200-Reviews-Hotel_Mi-Singapore.html,201,165,62,17,12
75,b'Wangz Hotel',1451,b'#75 Best Value of 349 hotels in Singapore',https://www.tripadvisor.com.sg/Hotel_Review-g294265-d1553862-Reviews-Wangz_Hotel-Singapore.html,933,412,80,16,10
76,b'Park Hotel Alexandra',2133,b'#76 Best Value of 349 hotels in Singapore',https://www.tripadvisor.com.sg/Hotel_Review-g294265-d7621450-Reviews-Park_Hotel_Alexandra-Singapore.html,1043,798,202,58,33
77,b'Grand Park Orchard',2642,b'#77 Best Value of 349 hotels in Singapore',https://www.tripadvisor.com.sg/Hotel_Review-g294265-d593658-Reviews-Grand_Park_Orchard-Singapore.html,1126,944,359,130,83
78,b'Ann Siang House',66,b'#78 Best Value of 349 hotels in Singapore',https://www.tripadvisor.com.sg/Hotel_Review-g294265-d13406165-Reviews-Ann_Siang_House-Singapore.html,48,13,5,1,0
79,b'Villa Samadhi Singapore by Samadhi',213,b'#79 Best Value of 349 hotels in Singapore',https://www.tripadvisor.com.sg/Hotel_Review-g294265-d7940674-Reviews-Villa_Samadhi_Singapore_by_Samadhi-Singapore.html,161,38,9,2,4
80,b'PARKROYAL on Kitchener Road',4954,b'#80 Best Value of 349 hotels in Singapore',https://www.tripadvisor.com.sg/Hotel_Review-g294265-d306183-Reviews-PARKROYAL_on_Kitchener_Road-Singapore.html,2232,1537,664,270,251
81,b'Hotel Fort Canning',1710,b'#81 Best Value of 349 hotels in Singapore',https://www.tripadvisor.com.sg/Hotel_Review-g294265-d1822389-Reviews-Hotel_Fort_Canning-Singapore.html,980,474,147,55,54
82,b'Aqueen Hotel Paya Lebar',312,b'#82 Best Value of 349 hotels in Singapore',https://www.tripadvisor.com.sg/Hotel_Review-g294265-d8064827-Reviews-Aqueen_Hotel_Paya_Lebar-Singapore.html,134,123,37,10,8
83,b'Grand Mercure Singapore Roxy',5248,b'#83 Best Value of 349 hotels in Singapore',https://www.tripadvisor.com.sg/Hotel_Review-g294265-d299850-Reviews-Grand_Mercure_Singapore_Roxy-Singapore.html,1683,2539,821,142,63
84,"b'Le Meridien Singapore, Sentosa'",1653,b'#84 Best Value of 349 hotels in Singapore',https://www.tripadvisor.com.sg/Hotel_Review-g294264-d547087-Reviews-Le_Meridien_Singapore_Sentosa-Sentosa_Island.html,701,611,200,84,57
85,b'Sofitel Singapore City Centre',365,b'#85 Best Value of 349 hotels in Singapore',https://www.tripadvisor.com.sg/Hotel_Review-g294265-d12525934-Reviews-Sofitel_Singapore_City_Centre-Singapore.html,301,40,11,6,7
86,b'Ascott Raffles Place Singapore',494,b'#86 Best Value of 349 hotels in Singapore',https://www.tripadvisor.com.sg/Hotel_Review-g294265-d1083872-Reviews-Ascott_Raffles_Place_Singapore-Singapore.html,275,155,36,13,16
87,b'SO Sofitel Singapore',2213,b'#87 Best Value of 349 hotels in Singapore',https://www.tripadvisor.com.sg/Hotel_Review-g294265-d2590427-Reviews-SO_Sofitel_Singapore-Singapore.html,1318,580,188,90,37
88,b'Mercure Singapore On Stevens',284,b'#88 Best Value of 349 hotels in Singapore',https://www.tripadvisor.com.sg/Hotel_Review-g294265-d13135926-Reviews-Mercure_Singapore_On_Stevens-Singapore.html,120,104,41,15,4
89,b'Ascott Orchard Singapore',302,b'#89 Best Value of 349 hotels in Singapore',https://www.tripadvisor.com.sg/Hotel_Review-g294265-d11742592-Reviews-Ascott_Orchard_Singapore-Singapore.html,174,74,29,10,15
90,b'The Fullerton Bay Hotel Singapore',1865,b'#90 Best Value of 349 hotels in Singapore',https://www.tripadvisor.com.sg/Hotel_Review-g294265-d1845693-Reviews-The_Fullerton_Bay_Hotel_Singapore-Singapore.html,1456,286,77,28,18
91,b'The St. Regis Singapore',2581,b'#91 Best Value of 349 hotels in Singapore',https://www.tripadvisor.com.sg/Hotel_Review-g294265-d678328-Reviews-The_St_Regis_Singapore-Singapore.html,1651,548,205,97,80
92,b'Fairmont Singapore',7261,b'#92 Best Value of 349 hotels in Singapore',https://www.tripadvisor.com.sg/Hotel_Review-g294265-d301581-Reviews-Fairmont_Singapore-Singapore.html,4557,2066,420,136,82
93,b'Regent Singapore',2128,b'#93 Best Value of 349 hotels in Singapore',https://www.tripadvisor.com.sg/Hotel_Review-g294265-d301431-Reviews-Regent_Singapore-Singapore.html,1202,686,168,40,32
94,b'Ramada by Wyndham Singapore at Zhongshan Park',3183,b'#94 Best Value of 349 hotels in Singapore',https://www.tripadvisor.com.sg/Hotel_Review-g294265-d3505884-Reviews-Ramada_by_Wyndham_Singapore_at_Zhongshan_Park-Singapore.html,1347,1361,322,85,68
95,b'Days Hotel by Wyndham Singapore at Zhongshan Park',2549,b'#95 Best Value of 349 hotels in Singapore',https://www.tripadvisor.com.sg/Hotel_Review-g294265-d3423710-Reviews-Days_Hotel_by_Wyndham_Singapore_at_Zhongshan_Park-Singapore.html,964,1193,300,65,27
96,b'Hilton Singapore',3323,b'#96 Best Value of 349 hotels in Singapore',https://www.tripadvisor.com.sg/Hotel_Review-g294265-d306197-Reviews-Hilton_Singapore-Singapore.html,1392,1276,485,114,56
97,b'The Outpost Hotel at Sentosa by Far East Hospitality',51,b'#97 Best Value of 349 hotels in Singapore',https://www.tripadvisor.com.sg/Hotel_Review-g294264-d15743578-Reviews-The_Outpost_Hotel_at_Sentosa_by_Far_East_Hospitality-Sentosa_Island.html,43,7,1,0,0
98,b'Singapore Marriott Tang Plaza Hotel',3343,b'#98 Best Value of 349 hotels in Singapore',https://www.tripadvisor.com.sg/Hotel_Review-g294265-d299774-Reviews-Singapore_Marriott_Tang_Plaza_Hotel-Singapore.html,2200,755,221,86,81
99,b'InterContinental Singapore Robertson Quay',478,b'#99 Best Value of 349 hotels in Singapore',https://www.tripadvisor.com.sg/Hotel_Review-g294265-d11717216-Reviews-InterContinental_Singapore_Robertson_Quay-Singapore.html,331,83,36,20,9
100,b'The Westin Singapore',1684,b'#100 Best Value of 349 hotels in Singapore',https://www.tripadvisor.com.sg/Hotel_Review-g294265-d4720057-Reviews-The_Westin_Singapore-Singapore.html,954,491,136,60,43
101,b'Sheraton Towers Singapore',1977,b'#101 Best Value of 349 hotels in Singapore',https://www.tripadvisor.com.sg/Hotel_Review-g294265-d301803-Reviews-Sheraton_Towers_Singapore-Singapore.html,1007,638,231,62,40
102,b'Somerset Liang Court Singapore',725,b'#102 Best Value of 349 hotels in Singapore',https://www.tripadvisor.com.sg/Hotel_Review-g294265-d320014-Reviews-Somerset_Liang_Court_Singapore-Singapore.html,319,314,58,22,12
103,b'The Capitol Kempinski Hotel Singapore',60,b'#103 Best Value of 349 hotels in Singapore',https://www.tripadvisor.com.sg/Hotel_Review-g294265-d14951821-Reviews-The_Capitol_Kempinski_Hotel_Singapore-Singapore.html,48,8,3,1,0
104,b'AMOY by Far East Hospitality',1586,b'#104 Best Value of 349 hotels in Singapore',https://www.tripadvisor.com.sg/Hotel_Review-g294265-d4341475-Reviews-AMOY_by_Far_East_Hospitality-Singapore.html,1214,299,47,24,2
105,b'JW Marriott Hotel Singapore South Beach',1784,b'#105 Best Value of 349 hotels in Singapore',https://www.tripadvisor.com.sg/Hotel_Review-g294265-d7736497-Reviews-JW_Marriott_Hotel_Singapore_South_Beach-Singapore.html,1188,360,121,56,59
106,b'Courtyard by Marriott Singapore Novena',315,b'#106 Best Value of 349 hotels in Singapore',https://www.tripadvisor.com.sg/Hotel_Review-g294265-d12554757-Reviews-Courtyard_by_Marriott_Singapore_Novena-Singapore.html,174,108,19,8,6
107,b'Somerset Bencoolen',330,b'#107 Best Value of 349 hotels in Singapore',https://www.tripadvisor.com.sg/Hotel_Review-g294265-d472109-Reviews-Somerset_Bencoolen-Singapore.html,106,168,41,10,5
108,"b'The Vagabond Club, Singapore, a Tribute Portfolio Hotel'",870,b'#108 Best Value of 349 hotels in Singapore',https://www.tripadvisor.com.sg/Hotel_Review-g294265-d7659569-Reviews-The_Vagabond_Club_Singapore_a_Tribute_Portfolio_Hotel-Singapore.html,638,169,42,9,12
109,b'Hotel Boss',3116,b'#109 Best Value of 349 hotels in Singapore',https://www.tripadvisor.com.sg/Hotel_Review-g294265-d9587422-Reviews-Hotel_Boss-Singapore.html,846,1121,682,242,226
110,b'Furama RiverFront',3114,b'#110 Best Value of 349 hotels in Singapore',https://www.tripadvisor.com.sg/Hotel_Review-g294265-d300321-Reviews-Furama_RiverFront-Singapore.html,1048,1243,541,165,117
111,b'Hotel Miramar Singapore',1052,b'#111 Best Value of 349 hotels in Singapore',https://www.tripadvisor.com.sg/Hotel_Review-g294265-d308393-Reviews-Hotel_Miramar_Singapore-Singapore.html,217,506,246,57,26
112,b'V Hotel Lavender',4518,b'#112 Best Value of 349 hotels in Singapore',https://www.tripadvisor.com.sg/Hotel_Review-g294265-d2178797-Reviews-V_Hotel_Lavender-Singapore.html,770,1736,1326,397,289
113,"b""Copthorne King's Hotel Singapore""",1471,b'#113 Best Value of 349 hotels in Singapore',https://www.tripadvisor.com.sg/Hotel_Review-g294265-d301674-Reviews-Copthorne_King_s_Hotel_Singapore-Singapore.html,314,593,364,127,73
114,b'Venue Hotel The Lily',367,b'#114 Best Value of 349 hotels in Singapore',https://www.tripadvisor.com.sg/Hotel_Review-g294265-d562395-Reviews-Venue_Hotel_The_Lily-Singapore.html,97,164,75,24,7
115,b'Keong Saik Hotel',316,b'#115 Best Value of 349 hotels in Singapore',https://www.tripadvisor.com.sg/Hotel_Review-g294265-d584452-Reviews-Keong_Saik_Hotel-Singapore.html,70,156,56,17,17
116,"b""D'Resort at Downtown East""",578,b'#116 Best Value of 349 hotels in Singapore',https://www.tripadvisor.com.sg/Hotel_Review-g294265-d506263-Reviews-D_Resort_at_Downtown_East-Singapore.html,223,185,95,40,35
117,b'Amara Sanctuary Resort Sentosa',371,b'#117 Best Value of 349 hotels in Singapore',https://www.tripadvisor.com.sg/Hotel_Review-g294264-d662514-Reviews-Amara_Sanctuary_Resort_Sentosa-Sentosa_Island.html,145,106,66,30,24
118,b'Hotel Kai',314,b'#118 Best Value of 349 hotels in Singapore',https://www.tripadvisor.com.sg/Hotel_Review-g294265-d6206536-Reviews-Hotel_Kai-Singapore.html,103,131,51,16,13
119,b'Village Hotel Bugis by Far East Hospitality',4362,b'#119 Best Value of 349 hotels in Singapore',https://www.tripadvisor.com.sg/Hotel_Review-g294265-d305486-Reviews-Village_Hotel_Bugis_by_Far_East_Hospitality-Singapore.html,1404,1768,809,237,145
120,b'Resorts World Sentosa - Crockfords Tower',160,b'#120 Best Value of 349 hotels in Singapore',https://www.tripadvisor.com.sg/Hotel_Review-g294264-d1447337-Reviews-Resorts_World_Sentosa_Crockfords_Tower-Sentosa_Island.html,125,27,5,1,2
121,b'Champion Hotel',471,b'#121 Best Value of 349 hotels in Singapore',https://www.tripadvisor.com.sg/Hotel_Review-g294265-d562405-Reviews-Champion_Hotel-Singapore.html,109,247,78,23,14
122,b'Tai Hoe Hotel',586,b'#122 Best Value of 349 hotels in Singapore',https://www.tripadvisor.com.sg/Hotel_Review-g294265-d1493532-Reviews-Tai_Hoe_Hotel-Singapore.html,129,258,143,34,22
123,b'Strand Hotel',563,b'#123 Best Value of 349 hotels in Singapore',https://www.tripadvisor.com.sg/Hotel_Review-g294265-d338340-Reviews-Strand_Hotel-Singapore.html,72,272,157,40,22
124,b'The Fragrance Hotel (Joo Chiat)',396,b'#124 Best Value of 349 hotels in Singapore',https://www.tripadvisor.com.sg/Hotel_Review-g294265-d506320-Reviews-The_Fragrance_Hotel_Joo_Chiat-Singapore.html,86,145,110,34,21
125,b'Fragrance Hotel - Bugis',503,b'#125 Best Value of 349 hotels in Singapore',https://www.tripadvisor.com.sg/Hotel_Review-g294265-d1823538-Reviews-Fragrance_Hotel_Bugis-Singapore.html,77,204,149,38,35
126,b'Bay Hotel Singapore',1057,b'#126 Best Value of 349 hotels in Singapore',https://www.tripadvisor.com.sg/Hotel_Review-g294265-d2340601-Reviews-Bay_Hotel_Singapore-Singapore.html,205,444,264,87,57
127,b'Hilton Garden Inn Singapore Serangoon',843,b'#127 Best Value of 349 hotels in Singapore',https://www.tripadvisor.com.sg/Hotel_Review-g294265-d12118505-Reviews-Hilton_Garden_Inn_Singapore_Serangoon-Singapore.html,291,335,127,32,58
128,b'Venue Hotel',536,b'#128 Best Value of 349 hotels in Singapore',https://www.tripadvisor.com.sg/Hotel_Review-g294265-d3825483-Reviews-Venue_Hotel-Singapore.html,118,243,116,29,30
129,b'Orchard Rendezvous Hotel by Far East Hospitality',2990,b'#129 Best Value of 349 hotels in Singapore',https://www.tripadvisor.com.sg/Hotel_Review-g294265-d306186-Reviews-Orchard_Rendezvous_Hotel_by_Far_East_Hospitality-Singapore.html,901,1255,558,167,110
130,b'Destination Singapore Beach Road',801,b'#130 Best Value of 349 hotels in Singapore',https://www.tripadvisor.com.sg/Hotel_Review-g294265-d10290687-Reviews-Destination_Singapore_Beach_Road-Singapore.html,188,368,165,51,29
131,b'Hotel Clover 33 Jalan Sultan',250,b'#131 Best Value of 349 hotels in Singapore',https://www.tripadvisor.com.sg/Hotel_Review-g294265-d6898221-Reviews-Hotel_Clover_33_Jalan_Sultan-Singapore.html,66,99,63,8,14
132,b'Hotel 81 - Star',642,b'#132 Best Value of 349 hotels in Singapore',https://www.tripadvisor.com.sg/Hotel_Review-g294265-d505804-Reviews-Hotel_81_Star-Singapore.html,81,268,211,59,23
133,b'Bliss Hotel Singapore',769,b'#133 Best Value of 349 hotels in Singapore',https://www.tripadvisor.com.sg/Hotel_Review-g294265-d3750341-Reviews-Bliss_Hotel_Singapore-Singapore.html,217,401,118,21,12
134,b'Resorts World Sentosa - Festive Hotel',2167,b'#134 Best Value of 349 hotels in Singapore',https://www.tripadvisor.com.sg/Hotel_Review-g294264-d1447340-Reviews-Resorts_World_Sentosa_Festive_Hotel-Sentosa_Island.html,422,678,510,213,116
135,b'The Daulat',284,b'#135 Best Value of 349 hotels in Singapore',https://www.tripadvisor.com.sg/Hotel_Review-g294265-d3878907-Reviews-The_Daulat-Singapore.html,109,111,35,14,15
136,b'ibis Singapore Novena',1529,b'#136 Best Value of 349 hotels in Singapore',https://www.tripadvisor.com.sg/Hotel_Review-g294265-d2002652-Reviews-Ibis_Singapore_Novena-Singapore.html,269,735,404,73,48
137,b'Summer View Hotel',569,b'#137 Best Value of 349 hotels in Singapore',https://www.tripadvisor.com.sg/Hotel_Review-g294265-d308378-Reviews-Summer_View_Hotel-Singapore.html,78,201,129,20,18
138,b'The Elizabeth Hotel by Far East Hospitality',1926,b'#138 Best Value of 349 hotels in Singapore',https://www.tripadvisor.com.sg/Hotel_Review-g294265-d306143-Reviews-The_Elizabeth_Hotel_by_Far_East_Hospitality-Singapore.html,644,749,346,119,68
139,b'Fragrance Hotel - Ruby',921,b'#139 Best Value of 349 hotels in Singapore',https://www.tripadvisor.com.sg/Hotel_Review-g294265-d568052-Reviews-Fragrance_Hotel_Ruby-Singapore.html,161,397,282,46,35
140,b'York Hotel',1523,b'#140 Best Value of 349 hotels in Singapore',https://www.tripadvisor.com.sg/Hotel_Review-g294265-d306198-Reviews-York_Hotel-Singapore.html,265,683,394,106,75
141,b'Hotel NuVe Urbane',174,b'#141 Best Value of 349 hotels in Singapore',https://www.tripadvisor.com.sg/Hotel_Review-g294265-d12645423-Reviews-Hotel_NuVe_Urbane-Singapore.html,83,53,21,12,5
142,b'Genting Hotel Jurong',464,b'#142 Best Value of 349 hotels in Singapore',https://www.tripadvisor.com.sg/Hotel_Review-g294263-d7612688-Reviews-Genting_Hotel_Jurong-Jurong.html,117,157,119,37,34
143,b'Santa Grand Hotel Bugis',1163,b'#143 Best Value of 349 hotels in Singapore',https://www.tripadvisor.com.sg/Hotel_Review-g294265-d1650499-Reviews-Santa_Grand_Hotel_Bugis-Singapore.html,220,546,271,80,46
144,b'Orchid Hotel',504,b'#144 Best Value of 349 hotels in Singapore',https://www.tripadvisor.com.sg/Hotel_Review-g294265-d2243163-Reviews-Orchid_Hotel-Singapore.html,117,243,116,17,11
145,b'Six Senses Duxton',83,b'#145 Best Value of 349 hotels in Singapore',https://www.tripadvisor.com.sg/Hotel_Review-g294265-d13792294-Reviews-Six_Senses_Duxton-Singapore.html,66,11,2,1,3
146,b'Santa Grand Hotel East Coast',874,b'#146 Best Value of 349 hotels in Singapore',https://www.tripadvisor.com.sg/Hotel_Review-g294265-d2435023-Reviews-Santa_Grand_Hotel_East_Coast-Singapore.html,209,408,179,47,31
147,b'Aqueen Hotel Balestier',402,b'#147 Best Value of 349 hotels in Singapore',https://www.tripadvisor.com.sg/Hotel_Review-g294265-d1441156-Reviews-Aqueen_Hotel_Balestier-Singapore.html,85,215,75,16,11
148,b'Arcadia Hotel',105,b'#148 Best Value of 349 hotels in Singapore',https://www.tripadvisor.com.sg/Hotel_Review-g294265-d9798875-Reviews-Arcadia_Hotel-Singapore.html,46,45,9,4,1
149,b'Aqueen Hotel Jalan Besar',323,b'#149 Best Value of 349 hotels in Singapore',https://www.tripadvisor.com.sg/Hotel_Review-g294265-d6402157-Reviews-Aqueen_Hotel_Jalan_Besar-Singapore.html,93,147,52,15,16
150,b'Hard Rock Hotel Singapore',2416,b'#150 Best Value of 349 hotels in Singapore',https://www.tripadvisor.com.sg/Hotel_Review-g294264-d1447339-Reviews-Hard_Rock_Hotel_Singapore-Sentosa_Island.html,554,874,571,232,185
151,b'Fragrance Hotel - Pearl',345,b'#151 Best Value of 349 hotels in Singapore',https://www.tripadvisor.com.sg/Hotel_Review-g294265-d505504-Reviews-Fragrance_Hotel_Pearl-Singapore.html,58,139,109,26,13
152,b'Arton Boutique Hotel',332,b'#152 Best Value of 349 hotels in Singapore',https://www.tripadvisor.com.sg/Hotel_Review-g294265-d5887964-Reviews-Arton_Boutique_Hotel-Singapore.html,63,129,94,20,26
153,b'Hotel YAN',621,b'#153 Best Value of 349 hotels in Singapore',https://www.tripadvisor.com.sg/Hotel_Review-g294265-d8637722-Reviews-Hotel_YAN-Singapore.html,279,253,60,13,16
154,b'Peninsula Excelsior Hotel',4839,b'#154 Best Value of 349 hotels in Singapore',https://www.tripadvisor.com.sg/Hotel_Review-g294265-d593661-Reviews-Peninsula_Excelsior_Hotel-Singapore.html,815,2082,1257,429,256
155,b'Value Hotel Balestier',719,b'#155 Best Value of 349 hotels in Singapore',https://www.tripadvisor.com.sg/Hotel_Review-g294265-d1385699-Reviews-Value_Hotel_Balestier-Singapore.html,111,331,191,54,32
156,b'Grand Pacific Hotel',1355,b'#156 Best Value of 349 hotels in Singapore',https://www.tripadvisor.com.sg/Hotel_Review-g294265-d306156-Reviews-Grand_Pacific_Hotel-Singapore.html,245,615,331,107,57
157,b'RELC International Hotel',310,b'#157 Best Value of 349 hotels in Singapore',https://www.tripadvisor.com.sg/Hotel_Review-g294265-d308397-Reviews-RELC_International_Hotel-Singapore.html,41,139,97,21,12
158,b'Jayleen 1918 Hotel',292,b'#158 Best Value of 349 hotels in Singapore',https://www.tripadvisor.com.sg/Hotel_Review-g294265-d1892763-Reviews-Jayleen_1918_Hotel-Singapore.html,43,117,92,27,13
159,b'Value Hotel Nice',255,b'#159 Best Value of 349 hotels in Singapore',https://www.tripadvisor.com.sg/Hotel_Review-g294265-d1511521-Reviews-Value_Hotel_Nice-Singapore.html,36,121,74,12,12
160,b'Mayo Inn',186,b'#160 Best Value of 349 hotels in Singapore',https://www.tripadvisor.com.sg/Hotel_Review-g294265-d785372-Reviews-Mayo_Inn-Singapore.html,27,95,55,7,2
161,b'Hotel Clover The Arts',336,b'#161 Best Value of 349 hotels in Singapore',https://www.tripadvisor.com.sg/Hotel_Review-g294265-d6503606-Reviews-Hotel_Clover_The_Arts-Singapore.html,66,143,92,25,10
162,b'Mercure Singapore Bugis',1258,b'#162 Best Value of 349 hotels in Singapore',https://www.tripadvisor.com.sg/Hotel_Review-g294265-d10391133-Reviews-Mercure_Singapore_Bugis-Singapore.html,320,526,277,72,63
163,b'City Inn Mackenzie',353,b'#163 Best Value of 349 hotels in Singapore',https://www.tripadvisor.com.sg/Hotel_Review-g294265-d10055662-Reviews-City_Inn_Mackenzie-Singapore.html,40,123,66,14,20
164,b'Hotel Clover 769 North Bridge Road',138,b'#164 Best Value of 349 hotels in Singapore',https://www.tripadvisor.com.sg/Hotel_Review-g294265-d4328268-Reviews-Hotel_Clover_769_North_Bridge_Road-Singapore.html,51,60,15,5,7
165,b'five/6 Hotel Splendour',79,b'#165 Best Value of 349 hotels in Singapore',https://www.tripadvisor.com.sg/Hotel_Review-g294265-d4329374-Reviews-Five_6_Hotel_Splendour-Singapore.html,25,34,9,5,6
166,b'Hotel Bencoolen @ Bencoolen Street',662,b'#166 Best Value of 349 hotels in Singapore',https://www.tripadvisor.com.sg/Hotel_Review-g294265-d309898-Reviews-Hotel_Bencoolen_Bencoolen_Street-Singapore.html,81,262,196,71,53
167,b'Fort Canning Lodge',861,b'#167 Best Value of 349 hotels in Singapore',https://www.tripadvisor.com.sg/Hotel_Review-g294265-d309917-Reviews-Fort_Canning_Lodge-Singapore.html,121,378,251,71,41
168,b'Ibis Styles Singapore on Macpherson',630,b'#168 Best Value of 349 hotels in Singapore',https://www.tripadvisor.com.sg/Hotel_Review-g294265-d8623711-Reviews-Ibis_Styles_Singapore_on_Macpherson-Singapore.html,133,226,178,49,44
169,b'Hotel Clover',381,b'#169 Best Value of 349 hotels in Singapore',https://www.tripadvisor.com.sg/Hotel_Review-g294265-d5324609-Reviews-Hotel_Clover-Singapore.html,62,196,83,22,18
170,b'Hotel Mono',159,b'#170 Best Value of 349 hotels in Singapore',https://www.tripadvisor.com.sg/Hotel_Review-g294265-d562403-Reviews-Hotel_Mono-Singapore.html,42,72,32,8,5
171,b'Hotel 1929',661,b'#171 Best Value of 349 hotels in Singapore',https://www.tripadvisor.com.sg/Hotel_Review-g294265-d306179-Reviews-Hotel_1929-Singapore.html,137,297,152,44,31
172,b'Link Hotel',343,b'#172 Best Value of 349 hotels in Singapore',https://www.tripadvisor.com.sg/Hotel_Review-g294265-d677036-Reviews-Link_Hotel-Singapore.html,86,131,81,26,19
173,b'Hotel Michael',871,b'#173 Best Value of 349 hotels in Singapore',https://www.tripadvisor.com.sg/Hotel_Review-g294264-d1447338-Reviews-Hotel_Michael-Sentosa_Island.html,257,298,207,73,36
174,b'Fragrance Hotel - Oasis',346,b'#174 Best Value of 349 hotels in Singapore',https://www.tripadvisor.com.sg/Hotel_Review-g294265-d1015610-Reviews-Fragrance_Hotel_Oasis-Singapore.html,59,157,95,18,17
175,b'The Sultan',368,b'#175 Best Value of 349 hotels in Singapore',https://www.tripadvisor.com.sg/Hotel_Review-g294265-d2375182-Reviews-The_Sultan-Singapore.html,70,179,78,24,17
176,b'Orchid Country Club',164,b'#176 Best Value of 349 hotels in Singapore',https://www.tripadvisor.com.sg/Hotel_Review-g294265-d1531978-Reviews-Orchid_Country_Club-Singapore.html,45,77,26,10,6
177,b'Fragrance Hotel - Sapphire',332,b'#177 Best Value of 349 hotels in Singapore',https://www.tripadvisor.com.sg/Hotel_Review-g294265-d667848-Reviews-Fragrance_Hotel_Sapphire-Singapore.html,42,148,107,26,9
178,b'Perak Hotel',598,b'#178 Best Value of 349 hotels in Singapore',https://www.tripadvisor.com.sg/Hotel_Review-g294265-d498395-Reviews-Perak_Hotel-Singapore.html,95,290,157,31,25
179,b'The Southbridge Hotel',332,b'#179 Best Value of 349 hotels in Singapore',https://www.tripadvisor.com.sg/Hotel_Review-g294265-d5042956-Reviews-The_Southbridge_Hotel-Singapore.html,63,158,87,11,13
180,b'Hotel Re!',825,b'#180 Best Value of 349 hotels in Singapore',https://www.tripadvisor.com.sg/Hotel_Review-g294265-d1088871-Reviews-Hotel_Re-Singapore.html,193,349,179,70,34
181,b'Siloso Beach Resort Sentosa',1583,b'#181 Best Value of 349 hotels in Singapore',https://www.tripadvisor.com.sg/Hotel_Review-g294264-d627293-Reviews-Siloso_Beach_Resort_Sentosa-Sentosa_Island.html,228,545,401,197,212
182,b'Hotel 81 Dickson',1367,b'#182 Best Value of 349 hotels in Singapore',https://www.tripadvisor.com.sg/Hotel_Review-g294265-d562402-Reviews-Hotel_81_Dickson-Singapore.html,134,622,419,115,77
183,b'Broadway Hotel Singapore',214,b'#183 Best Value of 349 hotels in Singapore',https://www.tripadvisor.com.sg/Hotel_Review-g294265-d309914-Reviews-Broadway_Hotel_Singapore-Singapore.html,12,83,77,26,16
184,b'Park 22 Hotel Little India',56,b'#184 Best Value of 349 hotels in Singapore',https://www.tripadvisor.com.sg/Hotel_Review-g294265-d10961802-Reviews-Park_22_Hotel_Little_India-Singapore.html,10,24,17,2,3
185,b'Santa Grand Hotel West Coast',209,b'#185 Best Value of 349 hotels in Singapore',https://www.tripadvisor.com.sg/Hotel_Review-g294265-d620229-Reviews-Santa_Grand_Hotel_West_Coast-Singapore.html,21,76,71,28,14
186,b'Fragrance Hotel - Royal',122,b'#186 Best Value of 349 hotels in Singapore',https://www.tripadvisor.com.sg/Hotel_Review-g294265-d1535340-Reviews-Fragrance_Hotel_Royal-Singapore.html,21,43,38,10,10
187,b'Jayleen Clarke Quay Hotel',72,b'#187 Best Value of 349 hotels in Singapore',https://www.tripadvisor.com.sg/Hotel_Review-g294265-d9001799-Reviews-Jayleen_Clarke_Quay_Hotel-Singapore.html,15,31,19,3,4
188,b'Hotel 81 Hollywood',232,b'#188 Best Value of 349 hotels in Singapore',https://www.tripadvisor.com.sg/Hotel_Review-g294265-d506323-Reviews-Hotel_81_Hollywood-Singapore.html,28,85,75,22,22
189,b'Aqueen Hotel Lavender',879,b'#189 Best Value of 349 hotels in Singapore',https://www.tripadvisor.com.sg/Hotel_Review-g294265-d1574780-Reviews-Aqueen_Hotel_Lavender-Singapore.html,146,391,244,65,33
190,b'South East Asia Hotel',204,b'#190 Best Value of 349 hotels in Singapore',https://www.tripadvisor.com.sg/Hotel_Review-g294265-d579210-Reviews-South_East_Asia_Hotel-Singapore.html,19,80,74,18,13
191,b'Fragrance Hotel - Rose',91,b'#191 Best Value of 349 hotels in Singapore',https://www.tripadvisor.com.sg/Hotel_Review-g294265-d598441-Reviews-Fragrance_Hotel_Rose-Singapore.html,19,43,25,1,3
192,b'Fragrance Hotel - Crystal',596,b'#192 Best Value of 349 hotels in Singapore',https://www.tripadvisor.com.sg/Hotel_Review-g294265-d504988-Reviews-Fragrance_Hotel_Crystal-Singapore.html,57,196,234,60,49
193,b'Klapstar Boutique Hotel',236,b'#193 Best Value of 349 hotels in Singapore',https://www.tripadvisor.com.sg/Hotel_Review-g294265-d1581565-Reviews-Klapstar_Boutique_Hotel-Singapore.html,87,75,42,18,14
194,b'Hotel 81 Rochor',232,b'#194 Best Value of 349 hotels in Singapore',https://www.tripadvisor.com.sg/Hotel_Review-g294265-d1072358-Reviews-Hotel_81_Rochor-Singapore.html,39,78,69,25,21
195,b'VIP Hotel',111,b'#195 Best Value of 349 hotels in Singapore',https://www.tripadvisor.com.sg/Hotel_Review-g294265-d1768864-Reviews-VIP_Hotel-Singapore.html,21,36,37,10,7
196,b'Hotel 81 - Sakura',169,b'#196 Best Value of 349 hotels in Singapore',https://www.tripadvisor.com.sg/Hotel_Review-g294265-d584854-Reviews-Hotel_81_Sakura-Singapore.html,31,68,41,16,13
197,b'Parc Sovereign Hotel - Albert St.',1121,b'#197 Best Value of 349 hotels in Singapore',https://www.tripadvisor.com.sg/Hotel_Review-g294265-d2093622-Reviews-Parc_Sovereign_Hotel_Albert_St-Singapore.html,214,372,324,107,104
198,b'Six Senses Maxwell',33,b'#198 Best Value of 349 hotels in Singapore',https://www.tripadvisor.com.sg/Hotel_Review-g294265-d14758770-Reviews-Six_Senses_Maxwell-Singapore.html,25,4,2,1,1
199,b'Parc Sovereign Hotel - Tyrwhitt',1143,b'#199 Best Value of 349 hotels in Singapore',https://www.tripadvisor.com.sg/Hotel_Review-g294265-d6741981-Reviews-Parc_Sovereign_Hotel_Tyrwhitt-Singapore.html,237,476,268,86,76
200,b'The Seacare Hotel',250,b'#200 Best Value of 349 hotels in Singapore',https://www.tripadvisor.com.sg/Hotel_Review-g294265-d3315718-Reviews-The_Seacare_Hotel-Singapore.html,42,114,69,15,10
201,b'XY Hotel Bugis Singapore',155,b'#201 Best Value of 349 hotels in Singapore',https://www.tripadvisor.com.sg/Hotel_Review-g294265-d12433284-Reviews-XY_Hotel_Bugis_Singapore-Singapore.html,45,63,28,6,13
202,b'The Quay Hotel',55,b'#202 Best Value of 349 hotels in Singapore',https://www.tripadvisor.com.sg/Hotel_Review-g294265-d12456473-Reviews-The_Quay_Hotel-Singapore.html,11,23,18,1,2
203,b'Hotel Royal at Queens',842,b'#203 Best Value of 349 hotels in Singapore',https://www.tripadvisor.com.sg/Hotel_Review-g294265-d583028-Reviews-Hotel_Royal_at_Queens-Singapore.html,100,397,242,59,44
204,b'Fragrance Hotel - Balestier',183,b'#204 Best Value of 349 hotels in Singapore',https://www.tripadvisor.com.sg/Hotel_Review-g294265-d779576-Reviews-Fragrance_Hotel_Balestier-Singapore.html,43,72,42,14,12
205,b'Hotel 81-Tristar',293,b'#205 Best Value of 349 hotels in Singapore',https://www.tripadvisor.com.sg/Hotel_Review-g294265-d1174552-Reviews-Hotel_81_Tristar-Singapore.html,36,116,99,27,15
206,b'Fragrance Hotel - Selegie',118,b'#206 Best Value of 349 hotels in Singapore',https://www.tripadvisor.com.sg/Hotel_Review-g294265-d607470-Reviews-Fragrance_Hotel_Selegie-Singapore.html,36,38,25,13,6
207,b'The Inn at Temple Street',387,b'#207 Best Value of 349 hotels in Singapore',https://www.tripadvisor.com.sg/Hotel_Review-g294265-d306180-Reviews-The_Inn_at_Temple_Street-Singapore.html,42,141,110,46,48
208,b'Hotel Classic by Venue',121,b'#208 Best Value of 349 hotels in Singapore',https://www.tripadvisor.com.sg/Hotel_Review-g294265-d14911702-Reviews-Hotel_Classic_by_Venue-Singapore.html,36,28,32,12,13
209,b'Classique Hotel',73,b'#209 Best Value of 349 hotels in Singapore',https://www.tripadvisor.com.sg/Hotel_Review-g294265-d640516-Reviews-Classique_Hotel-Singapore.html,10,26,19,4,2
210,b'Fragrance Hotel - Imperial',382,b'#210 Best Value of 349 hotels in Singapore',https://www.tripadvisor.com.sg/Hotel_Review-g294265-d1015609-Reviews-Fragrance_Hotel_Imperial-Singapore.html,76,123,114,42,27
211,b'Raintr33 Hotel Singapore',153,b'#211 Best Value of 349 hotels in Singapore',https://www.tripadvisor.com.sg/Hotel_Review-g294265-d7388695-Reviews-Raintr33_Hotel_Singapore-Singapore.html,27,47,47,14,18
212,b'YOTELAIR Singapore Changi Airport',5,b'#212 Best Value of 349 hotels in Singapore',https://www.tripadvisor.com.sg/Hotel_Review-g294265-d16645618-Reviews-YOTELAIR_Singapore_Changi_Airport-Singapore.html,2,3,0,0,0
213,b'M Hotel Singapore',2034,b'#213 Best Value of 349 hotels in Singapore',https://www.tripadvisor.com.sg/Hotel_Review-g294265-d301680-Reviews-M_Hotel_Singapore-Singapore.html,644,668,288,92,52
214,b'Costa Sands Resort (Sentosa)',183,b'#214 Best Value of 349 hotels in Singapore',https://www.tripadvisor.com.sg/Hotel_Review-g294264-d1792789-Reviews-Costa_Sands_Resort_Sentosa-Sentosa_Island.html,21,46,52,27,37
215,b'Value Hotel Thomson',1445,b'#215 Best Value of 349 hotels in Singapore',https://www.tripadvisor.com.sg/Hotel_Review-g294265-d1511494-Reviews-Value_Hotel_Thomson-Singapore.html,137,666,412,140,90
216,b'Harbour Ville Hotel',339,b'#216 Best Value of 349 hotels in Singapore',https://www.tripadvisor.com.sg/Hotel_Review-g294265-d559392-Reviews-Harbour_Ville_Hotel-Singapore.html,28,98,129,54,30
217,b'Penta Hotel',80,b'#217 Best Value of 349 hotels in Singapore',https://www.tripadvisor.com.sg/Hotel_Review-g294265-d652477-Reviews-Penta_Hotel-Singapore.html,7,22,42,6,3
218,b'Holiday Inn Express Singapore Serangoon',13,b'#218 Best Value of 349 hotels in Singapore',https://www.tripadvisor.com.sg/Hotel_Review-g294265-d1222995-Reviews-Holiday_Inn_Express_Singapore_Serangoon-Singapore.html,3,6,3,0,1
219,b'Harbour Ville Hotel Hamilton @ Lavender',11,b'#219 Best Value of 349 hotels in Singapore',https://www.tripadvisor.com.sg/Hotel_Review-g294265-d3556622-Reviews-Harbour_Ville_Hotel_Hamilton_Lavender-Singapore.html,7,1,1,0,2
220,b'Hotel 81 - Orchid',493,b'#220 Best Value of 349 hotels in Singapore',https://www.tripadvisor.com.sg/Hotel_Review-g294265-d506262-Reviews-Hotel_81_Orchid-Singapore.html,29,158,196,77,33
221,b'ABC Hostel',162,b'#221 Best Value of 349 hotels in Singapore',https://www.tripadvisor.com.sg/Hotel_Review-g294265-d1462978-Reviews-ABC_Hostel-Singapore.html,23,47,60,12,20
222,b'Kam Leng Hotel',496,b'#222 Best Value of 349 hotels in Singapore',https://www.tripadvisor.com.sg/Hotel_Review-g294265-d3160374-Reviews-Kam_Leng_Hotel-Singapore.html,40,210,145,49,52
223,b'Hotel 81 - Gold',291,b'#223 Best Value of 349 hotels in Singapore',https://www.tripadvisor.com.sg/Hotel_Review-g294265-d505855-Reviews-Hotel_81_Gold-Singapore.html,26,93,100,40,32
224,b'Lemon Grass Hotel',162,b'#224 Best Value of 349 hotels in Singapore',https://www.tripadvisor.com.sg/Hotel_Review-g294265-d1159908-Reviews-Lemon_Grass_Hotel-Singapore.html,23,60,51,19,9
225,b'RedDoorz Plus Victoria Hotel',38,b'#225 Best Value of 349 hotels in Singapore',https://www.tripadvisor.com.sg/Hotel_Review-g294265-d14030487-Reviews-RedDoorz_Plus_Victoria_Hotel-Singapore.html,16,16,4,1,1
226,b'Hotel 81 - Elegance',205,b'#226 Best Value of 349 hotels in Singapore',https://www.tripadvisor.com.sg/Hotel_Review-g294265-d779549-Reviews-Hotel_81_Elegance-Singapore.html,19,74,65,29,18
227,b'Fragrance Hotel - Riverside',1037,b'#227 Best Value of 349 hotels in Singapore',https://www.tripadvisor.com.sg/Hotel_Review-g294265-d2439500-Reviews-Fragrance_Hotel_Riverside-Singapore.html,128,425,288,107,89
228,b'OYO 106 Beach Hotel',167,b'#228 Best Value of 349 hotels in Singapore',https://www.tripadvisor.com.sg/Hotel_Review-g294265-d306158-Reviews-OYO_106_Beach_Hotel-Singapore.html,8,58,72,19,10
229,b'Aqueen Heritage Hotel Little India',32,b'#229 Best Value of 349 hotels in Singapore',https://www.tripadvisor.com.sg/Hotel_Review-g294265-d13484203-Reviews-Aqueen_Heritage_Hotel_Little_India-Singapore.html,9,14,5,0,4
230,b'Hotel 81 - Heritage',169,b'#230 Best Value of 349 hotels in Singapore',https://www.tripadvisor.com.sg/Hotel_Review-g294265-d1383128-Reviews-Hotel_81_Heritage-Singapore.html,30,56,51,16,16
231,b'Park View Hotel',260,b'#231 Best Value of 349 hotels in Singapore',https://www.tripadvisor.com.sg/Hotel_Review-g294265-d562387-Reviews-Park_View_Hotel-Singapore.html,17,90,90,38,25
232,b'Hotel 81 - Osaka',117,b'#232 Best Value of 349 hotels in Singapore',https://www.tripadvisor.com.sg/Hotel_Review-g294265-d1657875-Reviews-Hotel_81_Osaka-Singapore.html,14,42,45,10,6
233,b'Moon 23 Hotel',489,b'#233 Best Value of 349 hotels in Singapore',https://www.tripadvisor.com.sg/Hotel_Review-g294265-d1898744-Reviews-Moon_23_Hotel-Singapore.html,47,178,150,58,56
234,b'Hotel 81 Kovan',47,b'#234 Best Value of 349 hotels in Singapore',https://www.tripadvisor.com.sg/Hotel_Review-g294265-d1916206-Reviews-Hotel_81_Kovan-Singapore.html,13,15,16,2,1
235,b'Hotel 81 - Geylang',319,b'#235 Best Value of 349 hotels in Singapore',https://www.tripadvisor.com.sg/Hotel_Review-g294265-d506327-Reviews-Hotel_81_Geylang-Singapore.html,31,100,107,52,29
236,b'Arena Country Club',16,b'#236 Best Value of 349 hotels in Singapore',https://www.tripadvisor.com.sg/Hotel_Review-g294265-d2535002-Reviews-Arena_Country_Club-Singapore.html,2,10,3,0,1
237,b'Amber Hotel',23,b'#237 Best Value of 349 hotels in Singapore',https://www.tripadvisor.com.sg/Hotel_Review-g294265-d1630794-Reviews-Amber_Hotel-Singapore.html,4,12,6,0,1
238,b'Jinshan Hotel',395,b'#238 Best Value of 349 hotels in Singapore',https://www.tripadvisor.com.sg/Hotel_Review-g294265-d1913969-Reviews-Jinshan_Hotel-Singapore.html,34,141,121,50,49
239,b'Hotel 81 Balestier',36,b'#239 Best Value of 349 hotels in Singapore',https://www.tripadvisor.com.sg/Hotel_Review-g294265-d2643131-Reviews-Hotel_81_Balestier-Singapore.html,9,15,7,5,0
240,b'Fragrance Hotel - Classic',59,b'#240 Best Value of 349 hotels in Singapore',https://www.tripadvisor.com.sg/Hotel_Review-g294265-d2005592-Reviews-Fragrance_Hotel_Classic-Singapore.html,9,22,16,7,5
241,b'Hotel 81 Changi',49,b'#241 Best Value of 349 hotels in Singapore',https://www.tripadvisor.com.sg/Hotel_Review-g294265-d11768252-Reviews-Hotel_81_Changi-Singapore.html,9,8,18,9,5
242,b'Hotel 81-Bugis',245,b'#242 Best Value of 349 hotels in Singapore',https://www.tripadvisor.com.sg/Hotel_Review-g294265-d657516-Reviews-Hotel_81_Bugis-Singapore.html,20,63,95,37,30
243,b'Victoria Hotel',45,b'#243 Best Value of 349 hotels in Singapore',https://www.tripadvisor.com.sg/Hotel_Review-g294265-d12132265-Reviews-Victoria_Hotel-Singapore.html,5,14,16,4,6
244,b'Hotel 81 - Chinatown',281,b'#244 Best Value of 349 hotels in Singapore',https://www.tripadvisor.com.sg/Hotel_Review-g294265-d506324-Reviews-Hotel_81_Chinatown-Singapore.html,22,84,95,39,41
245,b'Hotel Royal',838,b'#245 Best Value of 349 hotels in Singapore',https://www.tripadvisor.com.sg/Hotel_Review-g294265-d1218929-Reviews-Hotel_Royal-Singapore.html,62,282,278,115,101
246,b'Four Chain View Hotel',63,b'#246 Best Value of 349 hotels in Singapore',https://www.tripadvisor.com.sg/Hotel_Review-g294265-d562404-Reviews-Four_Chain_View_Hotel-Singapore.html,5,19,26,7,6
247,b'OYO 102 Budgetone Hotel',10,b'#247 Best Value of 349 hotels in Singapore',https://www.tripadvisor.com.sg/Hotel_Review-g294265-d7698454-Reviews-OYO_102_Budgetone_Hotel-Singapore.html,1,4,4,1,0
248,b'Asphodel Inn Singapore',132,b'#248 Best Value of 349 hotels in Singapore',https://www.tripadvisor.com.sg/Hotel_Review-g294265-d430003-Reviews-Asphodel_Inn_Singapore-Singapore.html,8,37,53,18,16
249,b'Hotel 81 - Princess',243,b'#249 Best Value of 349 hotels in Singapore',https://www.tripadvisor.com.sg/Hotel_Review-g294265-d505976-Reviews-Hotel_81_Princess-Singapore.html,22,80,86,29,26
250,b'Hotel 81 - Palace',234,b'#250 Best Value of 349 hotels in Singapore',https://www.tripadvisor.com.sg/Hotel_Review-g294265-d506322-Reviews-Hotel_81_Palace-Singapore.html,13,82,88,35,16
251,b'Hotel 81   Selegie',206,b'#251 Best Value of 349 hotels in Singapore',https://www.tripadvisor.com.sg/Hotel_Review-g294265-d1160176-Reviews-Hotel_81_Selegie-Singapore.html,22,60,83,18,23
252,b'Hotel 1887 - The New Opera House',53,b'#252 Best Value of 349 hotels in Singapore',https://www.tripadvisor.com.sg/Hotel_Review-g294265-d14800844-Reviews-Hotel_1887_The_New_Opera_House-Singapore.html,10,16,12,7,8
253,b'Fragrance Hotel - Viva',30,b'#253 Best Value of 349 hotels in Singapore',https://www.tripadvisor.com.sg/Hotel_Review-g294265-d1795375-Reviews-Fragrance_Hotel_Viva-Singapore.html,9,6,7,5,3
254,b'Resorts World Sentosa - Hotel Michael',9,b'#254 Best Value of 349 hotels in Singapore',https://www.tripadvisor.com.sg/Hotel_Review-g294265-d12963556-Reviews-Resorts_World_Sentosa_Hotel_Michael-Singapore.html,3,3,1,0,2
255,b'Studio M Hotel',2773,b'#255 Best Value of 349 hotels in Singapore',https://www.tripadvisor.com.sg/Hotel_Review-g294265-d1656770-Reviews-Studio_M_Hotel-Singapore.html,603,815,568,234,210
256,b'Furama City Centre',3062,b'#256 Best Value of 349 hotels in Singapore',https://www.tripadvisor.com.sg/Hotel_Review-g294265-d301949-Reviews-Furama_City_Centre-Singapore.html,1359,1047,434,126,96
257,b'Hotel Grand Central',540,b'#257 Best Value of 349 hotels in Singapore',https://www.tripadvisor.com.sg/Hotel_Review-g294265-d306174-Reviews-Hotel_Grand_Central-Singapore.html,43,123,158,82,134
258,b'Hotel 165',89,b'#258 Best Value of 349 hotels in Singapore',https://www.tripadvisor.com.sg/Hotel_Review-g294265-d1808946-Reviews-Hotel_165-Singapore.html,7,19,33,17,13
259,b'Hotel Chancellor at Orchard',517,b'#259 Best Value of 349 hotels in Singapore',https://www.tripadvisor.com.sg/Hotel_Review-g294265-d8316803-Reviews-Hotel_Chancellor_at_Orchard-Singapore.html,55,139,164,67,92
260,b'Robertson Quay Hotel',1102,b'#260 Best Value of 349 hotels in Singapore',https://www.tripadvisor.com.sg/Hotel_Review-g294265-d306120-Reviews-Robertson_Quay_Hotel-Singapore.html,58,289,400,156,199
261,b'Amrise Hotel',232,b'#261 Best Value of 349 hotels in Singapore',https://www.tripadvisor.com.sg/Hotel_Review-g294265-d1935836-Reviews-Amrise_Hotel-Singapore.html,11,60,88,38,35
262,b'Lai Ming Hotel Cosmoland',78,b'#262 Best Value of 349 hotels in Singapore',https://www.tripadvisor.com.sg/Hotel_Review-g294265-d1599424-Reviews-Lai_Ming_Hotel_Cosmoland-Singapore.html,4,20,25,10,19
263,b'Hotel Supreme',415,b'#263 Best Value of 349 hotels in Singapore',https://www.tripadvisor.com.sg/Hotel_Review-g294265-d506315-Reviews-Hotel_Supreme-Singapore.html,18,111,155,81,51
264,b'Butternut Tree Hotel',226,b'#264 Best Value of 349 hotels in Singapore',https://www.tripadvisor.com.sg/Hotel_Review-g294265-d1937398-Reviews-Butternut_Tree_Hotel-Singapore.html,14,44,97,31,40
265,b'Pasir Panjang Inn',33,b'#265 Best Value of 349 hotels in Singapore',https://www.tripadvisor.com.sg/Hotel_Review-g294265-d1798787-Reviews-Pasir_Panjang_Inn-Singapore.html,2,2,18,6,5
266,b'Arianna Hotel',240,b'#266 Best Value of 349 hotels in Singapore',https://www.tripadvisor.com.sg/Hotel_Review-g294265-d2298837-Reviews-Arianna_Hotel-Singapore.html,6,29,89,35,81
267,b'Quality Hotel Marlow',345,b'#267 Best Value of 349 hotels in Singapore',https://www.tripadvisor.com.sg/Hotel_Review-g294265-d299607-Reviews-Quality_Hotel_Marlow-Singapore.html,18,94,134,54,45
268,b'Marrison Hotel',340,b'#268 Best Value of 349 hotels in Singapore',https://www.tripadvisor.com.sg/Hotel_Review-g294265-d2223865-Reviews-Marrison_Hotel-Singapore.html,17,95,119,56,53
269,b'Fragrance Hotel - Waterfront',92,b'#269 Best Value of 349 hotels in Singapore',https://www.tripadvisor.com.sg/Hotel_Review-g294265-d1089215-Reviews-Fragrance_Hotel_Waterfront-Singapore.html,9,28,25,16,14
270,b'Oxford Hotel',154,b'#270 Best Value of 349 hotels in Singapore',https://www.tripadvisor.com.sg/Hotel_Review-g294265-d306187-Reviews-Oxford_Hotel-Singapore.html,6,27,49,32,40
271,b'Hornbill Hotel',88,b'#271 Best Value of 349 hotels in Singapore',https://www.tripadvisor.com.sg/Hotel_Review-g294265-d1109968-Reviews-Hornbill_Hotel-Singapore.html,5,19,23,14,27
272,b'Darlene Hotel',24,b'#272 Best Value of 349 hotels in Singapore',https://www.tripadvisor.com.sg/Hotel_Review-g294265-d3316258-Reviews-Darlene_Hotel-Singapore.html,1,3,7,6,7
273,b'Regin Hotel',67,b'#273 Best Value of 349 hotels in Singapore',https://www.tripadvisor.com.sg/Hotel_Review-g294265-d1186381-Reviews-Regin_Hotel-Singapore.html,7,19,23,12,6
274,b'Aliwal Park Hotel',58,b'#274 Best Value of 349 hotels in Singapore',https://www.tripadvisor.com.sg/Hotel_Review-g294265-d446809-Reviews-Aliwal_Park_Hotel-Singapore.html,5,14,21,4,14
275,b'Home Suite View Hotel',28,b'#275 Best Value of 349 hotels in Singapore',https://www.tripadvisor.com.sg/Hotel_Review-g294265-d10220090-Reviews-Home_Suite_View_Hotel-Singapore.html,2,6,9,4,7
276,b'Fragrance Hotel - Ocean View',28,b'#276 Best Value of 349 hotels in Singapore',https://www.tripadvisor.com.sg/Hotel_Review-g294265-d1235051-Reviews-Fragrance_Hotel_Ocean_View-Singapore.html,1,8,10,7,2
277,b'Fragrance Hotel - Kovan',9,b'#277 Best Value of 349 hotels in Singapore',https://www.tripadvisor.com.sg/Hotel_Review-g294265-d633035-Reviews-Fragrance_Hotel_Kovan-Singapore.html,1,3,2,1,2
278,b'Seng Wah Hotel',5,b'#278 Best Value of 349 hotels in Singapore',https://www.tripadvisor.com.sg/Hotel_Review-g294265-d8872365-Reviews-Seng_Wah_Hotel-Singapore.html,0,1,2,1,1
279,b'Hotel 81 Fuji',15,b'#279 Best Value of 349 hotels in Singapore',https://www.tripadvisor.com.sg/Hotel_Review-g294265-d4889002-Reviews-Hotel_81_Fuji-Singapore.html,2,5,2,1,5
280,b'ZenRooms Bukit Merah',3,b'#280 Best Value of 349 hotels in Singapore',https://www.tripadvisor.com.sg/Hotel_Review-g294265-d9991600-Reviews-ZenRooms_Bukit_Merah-Singapore.html,0,1,0,0,2
281,b'City Beach Resort',11,b'#281 Best Value of 349 hotels in Singapore',https://www.tripadvisor.com.sg/Hotel_Review-g294265-d1395143-Reviews-City_Beach_Resort-Singapore.html,0,3,1,2,5
282,"b""D'Kranji Farm Resort""",106,b'#282 Best Value of 349 hotels in Singapore',https://www.tripadvisor.com.sg/Hotel_Review-g294265-d2151010-Reviews-D_Kranji_Farm_Resort-Singapore.html,7,29,36,13,21
283,b'Fragrance Hotel - Lavender',67,b'#283 Best Value of 349 hotels in Singapore',https://www.tripadvisor.com.sg/Hotel_Review-g294265-d2219431-Reviews-Fragrance_Hotel_Lavender-Singapore.html,12,19,17,10,9
284,b'The Duxton Club',0,b'#284 Best Value of 349 hotels in Singapore',https://www.tripadvisor.com.sg/Hotel_Review-g294265-d12421906-Reviews-The_Duxton_Club-Singapore.html,0,0,0,0,0
285,b'Kim Tian Hotel',0,b'#285 Best Value of 349 hotels in Singapore',https://www.tripadvisor.com.sg/Hotel_Review-g294265-d16867448-Reviews-Kim_Tian_Hotel-Singapore.html,0,0,0,0,0
286,b'KeSa House',0,b'#286 Best Value of 349 hotels in Singapore',https://www.tripadvisor.com.sg/Hotel_Review-g294265-d17353866-Reviews-KeSa_House-Singapore.html,0,0,0,0,0
287,b'Raffles Town Club',30,b'#287 Best Value of 349 hotels in Singapore',https://www.tripadvisor.com.sg/Hotel_Review-g294265-d982625-Reviews-Raffles_Town_Club-Singapore.html,10,14,3,1,2
288,b'Royal At Newton Hotel Singapore',143,b'#288 Best Value of 349 hotels in Singapore',https://www.tripadvisor.com.sg/Hotel_Review-g294265-d1210708-Reviews-Royal_At_Newton_Hotel_Singapore-Singapore.html,16,49,39,21,18
289,b'Laguna National Golf and Country Club',19,b'#289 Best Value of 349 hotels in Singapore',https://www.tripadvisor.com.sg/Hotel_Review-g294265-d2276137-Reviews-Laguna_National_Golf_and_Country_Club-Singapore.html,5,6,3,2,3
290,b'Wanderloft',1,b'#290 Best Value of 349 hotels in Singapore',https://www.tripadvisor.com.sg/Hotel_Review-g294265-d16663611-Reviews-Wanderloft-Singapore.html,1,0,0,0,0
291,b'Welcome Inn Backpackers Hostel',4,b'#291 Best Value of 349 hotels in Singapore',https://www.tripadvisor.com.sg/Hotel_Review-g294265-d1196100-Reviews-Welcome_Inn_Backpackers_Hostel-Singapore.html,1,2,1,0,0
292,b'Wow Hostels',76,b'#292 Best Value of 349 hotels in Singapore',https://www.tripadvisor.com.sg/Hotel_Review-g294265-d1625675-Reviews-Wow_Hostels-Singapore.html,9,21,25,10,11
293,b'Radius International City Lodge',4,b'#293 Best Value of 349 hotels in Singapore',https://www.tripadvisor.com.sg/Hotel_Review-g294265-d1541654-Reviews-Radius_International_City_Lodge-Singapore.html,0,2,1,0,0
294,b'Cockpit Hotel International',2,b'#294 Best Value of 349 hotels in Singapore',https://www.tripadvisor.com.sg/Hotel_Review-g294265-d1230647-Reviews-Cockpit_Hotel_International-Singapore.html,0,0,2,0,0
295,b'SkyOrchids',15,b'#295 Best Value of 349 hotels in Singapore',https://www.tripadvisor.com.sg/Hotel_Review-g294265-d624401-Reviews-SkyOrchids-Singapore.html,1,4,5,1,4
296,b'Island Resort',13,b'#296 Best Value of 349 hotels in Singapore',https://www.tripadvisor.com.sg/Hotel_Review-g294265-d951092-Reviews-Island_Resort-Singapore.html,2,0,1,3,7
297,b'Celestial Resort Pulau Ubin',112,b'#297 Best Value of 349 hotels in Singapore',https://www.tripadvisor.com.sg/Hotel_Review-g1644875-d1746698-Reviews-Celestial_Resort_Pulau_Ubin-Pulau_Ubin.html,9,32,27,15,29
298,b'Aspinals Hotel',63,b'#298 Best Value of 349 hotels in Singapore',https://www.tripadvisor.com.sg/Hotel_Review-g294265-d619163-Reviews-Aspinals_Hotel-Singapore.html,0,4,10,16,33
299,b'The Barracks Hotel at Sentosa by Far East Hospitality',0,b'#299 Best Value of 349 hotels in Singapore',https://www.tripadvisor.com.sg/Hotel_Review-g294265-d17324106-Reviews-The_Barracks_Hotel_at_Sentosa_by_Far_East_Hospitality-Singapore.html,0,0,0,0,0
300,b'Butternut Tree Hotel',0,b'#300 Best Value of 349 hotels in Singapore',https://www.tripadvisor.com.sg/Hotel_Review-g294265-d16738519-Reviews-Butternut_Tree_Hotel-Singapore.html,0,0,0,0,0
301,b'Santa Grand Hotel Little India',356,b'#301 Best Value of 349 hotels in Singapore',https://www.tripadvisor.com.sg/Hotel_Review-g294265-d1390175-Reviews-Santa_Grand_Hotel_Little_India-Singapore.html,62,147,98,27,22
302,b'Citadines Fusionopolis Singapore',29,b'#302 Best Value of 349 hotels in Singapore',https://www.tripadvisor.com.sg/Hotel_Review-g294265-d1485045-Reviews-Citadines_Fusionopolis_Singapore-Singapore.html,11,10,3,4,1
303,b'Pan Pacific Orchard',0,b'#303 Best Value of 349 hotels in Singapore',https://www.tripadvisor.com.sg/Hotel_Review-g294265-d17367079-Reviews-Pan_Pacific_Orchard-Singapore.html,0,0,0,0,0
304,b'Room Werkz',0,b'#304 Best Value of 349 hotels in Singapore',https://www.tripadvisor.com.sg/Hotel_Review-g294265-d1202159-Reviews-Room_Werkz-Singapore.html,0,0,0,0,0
305,b'Raffles Hotel Singapore',4350,b'#305 Best Value of 349 hotels in Singapore',https://www.tripadvisor.com.sg/Hotel_Review-g294265-d301583-Reviews-Raffles_Hotel_Singapore-Singapore.html,2615,571,115,40,36
306,b'Orchard Grand Court',297,b'#306 Best Value of 349 hotels in Singapore',https://www.tripadvisor.com.sg/Hotel_Review-g294265-d1073336-Reviews-Orchard_Grand_Court-Singapore.html,74,138,67,8,10
307,b'Golden Star Hotel',33,b'#307 Best Value of 349 hotels in Singapore',https://www.tripadvisor.com.sg/Hotel_Review-g294265-d2043994-Reviews-Golden_Star_Hotel-Singapore.html,1,7,14,6,5
308,b'Fraser Suites Singapore',487,b'#308 Best Value of 349 hotels in Singapore',https://www.tripadvisor.com.sg/Hotel_Review-g294265-d306172-Reviews-Fraser_Suites_Singapore-Singapore.html,313,128,27,11,8
309,b'Shangri-La Apartments',306,b'#309 Best Value of 349 hotels in Singapore',https://www.tripadvisor.com.sg/Hotel_Review-g294265-d506455-Reviews-Shangri_La_Apartments-Singapore.html,180,78,32,10,6
310,"b'Pan Pacific Serviced Suites Beach Road, Singapore'",899,b'#310 Best Value of 349 hotels in Singapore',https://www.tripadvisor.com.sg/Hotel_Review-g294265-d4310988-Reviews-Pan_Pacific_Serviced_Suites_Beach_Road_Singapore-Singapore.html,593,242,40,13,11
311,"b'Fraser Place Robertson Walk, Singapore'",581,b'#311 Best Value of 349 hotels in Singapore',https://www.tripadvisor.com.sg/Hotel_Review-g294265-d306171-Reviews-Fraser_Place_Robertson_Walk_Singapore-Singapore.html,327,206,34,6,8
312,b'The Warehouse Hotel',251,b'#312 Best Value of 349 hotels in Singapore',https://www.tripadvisor.com.sg/Hotel_Review-g294265-d11680778-Reviews-The_Warehouse_Hotel-Singapore.html,167,57,14,9,4
313,b'Pan Pacific Serviced Suites Orchard Singapore',208,b'#313 Best Value of 349 hotels in Singapore',https://www.tripadvisor.com.sg/Hotel_Review-g294265-d1146123-Reviews-Pan_Pacific_Serviced_Suites_Orchard_Singapore-Singapore.html,138,56,7,4,3
314,b'PARKROYAL Serviced Suites Singapore',107,b'#314 Best Value of 349 hotels in Singapore',https://www.tripadvisor.com.sg/Hotel_Review-g294265-d1175136-Reviews-PARKROYAL_Serviced_Suites_Singapore-Singapore.html,56,42,4,2,3
315,b'Hotel Innotel',500,b'#315 Best Value of 349 hotels in Singapore',https://www.tripadvisor.com.sg/Hotel_Review-g294265-d1982272-Reviews-Hotel_Innotel-Singapore.html,135,257,76,20,12
316,b'Wanderlust',910,b'#316 Best Value of 349 hotels in Singapore',https://www.tripadvisor.com.sg/Hotel_Review-g294265-d1801958-Reviews-Wanderlust-Singapore.html,352,354,131,47,26
317,b'Fragrance Hotel - Emerald',81,b'#317 Best Value of 349 hotels in Singapore',https://www.tripadvisor.com.sg/Hotel_Review-g294265-d568053-Reviews-Fragrance_Hotel_Emerald-Singapore.html,17,38,22,4,1
318,b'Santa Grand Hotel Lai Chun Yuen',1166,b'#318 Best Value of 349 hotels in Singapore',https://www.tripadvisor.com.sg/Hotel_Review-g294265-d2406995-Reviews-Santa_Grand_Hotel_Lai_Chun_Yuen-Singapore.html,143,513,346,96,68
319,b'Fragrance Hotel - Sunflower',176,b'#319 Best Value of 349 hotels in Singapore',https://www.tripadvisor.com.sg/Hotel_Review-g294265-d1008216-Reviews-Fragrance_Hotel_Sunflower-Singapore.html,34,61,51,19,11
320,b'Chang Ziang Hotel',136,b'#320 Best Value of 349 hotels in Singapore',https://www.tripadvisor.com.sg/Hotel_Review-g294265-d3181903-Reviews-Chang_Ziang_Hotel-Singapore.html,14,53,51,12,6
321,b'L Residence',41,b'#321 Best Value of 349 hotels in Singapore',https://www.tripadvisor.com.sg/Hotel_Review-g294265-d1230932-Reviews-L_Residence-Singapore.html,25,9,2,3,2
322,b'Chinatown Hotel',104,b'#322 Best Value of 349 hotels in Singapore',https://www.tripadvisor.com.sg/Hotel_Review-g294265-d338319-Reviews-Chinatown_Hotel-Singapore.html,9,32,29,19,15
323,b'National Service Resort & Country Club',21,b'#323 Best Value of 349 hotels in Singapore',https://www.tripadvisor.com.sg/Hotel_Review-g294265-d1787963-Reviews-National_Service_Resort_Country_Club-Singapore.html,4,9,4,3,1
324,b'Haising Hotel',36,b'#324 Best Value of 349 hotels in Singapore',https://www.tripadvisor.com.sg/Hotel_Review-g294265-d1229493-Reviews-Haising_Hotel-Singapore.html,8,15,9,1,3
325,b'Hotel 81 - Cherry',9,b'#325 Best Value of 349 hotels in Singapore',https://www.tripadvisor.com.sg/Hotel_Review-g294265-d598298-Reviews-Hotel_81_Cherry-Singapore.html,3,4,1,1,0
326,b'Malacca Hotel',1,b'#326 Best Value of 349 hotels in Singapore',https://www.tripadvisor.com.sg/Hotel_Review-g294265-d4341705-Reviews-Malacca_Hotel-Singapore.html,0,1,0,0,0
327,b'ZEN Rooms Evergreen Residences',30,b'#327 Best Value of 349 hotels in Singapore',https://www.tripadvisor.com.sg/Hotel_Review-g294265-d9456769-Reviews-ZEN_Rooms_Evergreen_Residences-Singapore.html,5,10,12,1,2
328,b'New Changi Hotel',19,b'#328 Best Value of 349 hotels in Singapore',https://www.tripadvisor.com.sg/Hotel_Review-g294265-d562399-Reviews-New_Changi_Hotel-Singapore.html,1,6,5,2,5
329,b'Mayfair City Boarding House',1,b'#329 Best Value of 349 hotels in Singapore',https://www.tripadvisor.com.sg/Hotel_Review-g294265-d562389-Reviews-Mayfair_City_Boarding_House-Singapore.html,0,0,1,0,0
330,b'Astro Hotel Singapore',2,b'#330 Best Value of 349 hotels in Singapore',https://www.tripadvisor.com.sg/Hotel_Review-g294265-d562588-Reviews-Astro_Hotel_Singapore-Singapore.html,0,0,2,0,0
331,b'Jetquay Suites',0,b'#331 Best Value of 349 hotels in Singapore',https://www.tripadvisor.com.sg/Hotel_Review-g294265-d16732500-Reviews-Jetquay_Suites-Singapore.html,0,0,0,0,0
332,b'Hotel Horsecity',1,b'#332 Best Value of 349 hotels in Singapore',https://www.tripadvisor.com.sg/Hotel_Review-g294265-d11666441-Reviews-Hotel_Horsecity-Singapore.html,0,0,0,0,1
333,b'Fortuna Hotel',188,b'#333 Best Value of 349 hotels in Singapore',https://www.tripadvisor.com.sg/Hotel_Review-g294265-d306170-Reviews-Fortuna_Hotel-Singapore.html,12,48,71,25,32
334,b'Le Peranakan Hotel',207,b'#334 Best Value of 349 hotels in Singapore',https://www.tripadvisor.com.sg/Hotel_Review-g294265-d1547084-Reviews-Le_Peranakan_Hotel-Singapore.html,11,72,72,34,18
335,"b""Rider's Lodge""",116,b'#335 Best Value of 349 hotels in Singapore',https://www.tripadvisor.com.sg/Hotel_Review-g294265-d1088459-Reviews-Rider_s_Lodge-Singapore.html,10,40,32,20,14
336,b'Fraser Residence',1,b'#336 Best Value of 349 hotels in Singapore',https://www.tripadvisor.com.sg/Hotel_Review-g294265-d16649700-Reviews-Fraser_Residence-Singapore.html,0,0,0,1,0
337,b'Kerbau Hotel',11,b'#337 Best Value of 349 hotels in Singapore',https://www.tripadvisor.com.sg/Hotel_Review-g294265-d1159779-Reviews-Kerbau_Hotel-Singapore.html,0,3,3,3,2
338,b'Aloha Changi',22,b'#338 Best Value of 349 hotels in Singapore',https://www.tripadvisor.com.sg/Hotel_Review-g294265-d3494060-Reviews-Aloha_Changi-Singapore.html,0,8,7,1,6
339,b'Sloane Court Hotel',42,b'#339 Best Value of 349 hotels in Singapore',https://www.tripadvisor.com.sg/Hotel_Review-g294265-d584851-Reviews-Sloane_Court_Hotel-Singapore.html,1,9,12,5,15
340,b'Gay World Hotel Singapore',2,b'#340 Best Value of 349 hotels in Singapore',https://www.tripadvisor.com.sg/Hotel_Review-g294265-d5614673-Reviews-Gay_World_Hotel_Singapore-Singapore.html,0,0,0,0,1
341,b'Cameron Hotel',18,b'#341 Best Value of 349 hotels in Singapore',https://www.tripadvisor.com.sg/Hotel_Review-g294265-d1024563-Reviews-Cameron_Hotel-Singapore.html,3,2,2,4,6
342,b'Zen Rooms Sixth Avenue',2,b'#342 Best Value of 349 hotels in Singapore',https://www.tripadvisor.com.sg/Hotel_Review-g294265-d13485834-Reviews-Zen_Rooms_Sixth_Avenue-Singapore.html,0,0,0,1,1
343,b'Ambassador Hotel',18,b'#343 Best Value of 349 hotels in Singapore',https://www.tripadvisor.com.sg/Hotel_Review-g294265-d1015604-Reviews-Ambassador_Hotel-Singapore.html,0,3,3,3,9
344,b'Hotel Zenobia',65,b'#344 Best Value of 349 hotels in Singapore',https://www.tripadvisor.com.sg/Hotel_Review-g294265-d1868470-Reviews-Hotel_Zenobia-Singapore.html,1,10,17,11,26
345,b'Damenlou Hotel',0,b'#345 Best Value of 349 hotels in Singapore',https://www.tripadvisor.com.sg/Hotel_Review-g294265-d1230648-Reviews-Damenlou_Hotel-Singapore.html,0,0,0,0,0
346,b'Hotel ABCD',0,b'#346 Best Value of 349 hotels in Singapore',https://www.tripadvisor.com.sg/Hotel_Review-g294265-d15242930-Reviews-Hotel_ABCD-Singapore.html,0,0,0,0,0
347,b'Canning Park Hotel',0,b'#347 Best Value of 349 hotels in Singapore',https://www.tripadvisor.com.sg/Hotel_Review-g294265-d5964509-Reviews-Canning_Park_Hotel-Singapore.html,0,0,0,0,0
348,b'Zen Rooms Basic Bendemeer',0,b'#348 Best Value of 349 hotels in Singapore',https://www.tripadvisor.com.sg/Hotel_Review-g294265-d12728763-Reviews-Zen_Rooms_Basic_Bendemeer-Singapore.html,0,0,0,0,0
349,"b'Capri by Fraser, China Square / Singapore'",0,b'#349 Best Value of 349 hotels in Singapore',https://www.tripadvisor.com.sg/Hotel_Review-g294265-d16844141-Reviews-Capri_by_Fraser_China_Square_Singapore-Singapore.html,0,0,0,0,0
